Country,Pop1955,Pop1960,Pop1965,Pop1970,Pop1975,Pop1980,Pop1985,Pop1990,Pop1995,Pop2000,Pop2005,Group,Cluster,F1950,F1955,F1960,F1965,F1970,F1975,F1980,F1985,F1990,F1995,F2000,F2005,L1950,L1955,L1960,L1965,L1970,L1975,L1980,L1985,L1990,L1995,L2000,L2005
Afghanistan,8891209,9829450,10997885,12430623,14132019,15112149,13796928,14669339,20881480,23898198,29928987,South Asia,0,7.7,7.7,7.7,7.7,7.7,7.7,7.8,7.9,8,8,7.4792,7.0685,28.801,30.332,31.997,34.02,36.088,38.438,39.854,40.822,41.674,41.763,42.129,43.828
Albania,1392164,1623114,1883652,2156612,2401108,2671412,2956697,3250778,3400516,3473835,3563112,Europe & Central Asia,1,5.597,5.978,5.763,5.113,4.658,4.202,3.403,3.076,2.78,2.483,2.245,2.064,55.23,59.28,64.82,66.22,67.69,68.93,70.42,72,71.581,72.95,75.651,76.423
Algeria,9841851,10909294,11963091,13931846,16140252,18806061,22008450,25093154,28082573,30409300,32531853,Middle East & North Africa,5,7.278,7.278,7.38,7.38,7.38,7.175,6.49,5.29,4.131,2.885,2.526,2.383,43.077,45.685,48.303,51.407,54.518,58.014,61.368,65.799,67.744,69.152,70.994,72.301
Angola,4423223,4797344,5134818,5605626,5884241,6741465,7581504,8290856,9421477,10442812,11827315,Sub-Saharan Africa,2,7,7.2,7.4,7.4,7.2,7.2,7.2,7.2,7.1,6.9,6.75,6.432,30.015,31.999,34,35.985,37.928,39.483,39.942,39.906,40.647,40.963,41.003,42.731
Argentina,18927821,20616009,22283100,23962313,26081880,28369799,30675059,33022202,35311049,37497728,39537943,America,3,3.154,3.1265,3.0895,3.049,3.1455,3.44,3.15,3.053,2.9,2.63,2.35,2.254,62.485,64.399,65.142,65.634,67.065,68.481,69.942,70.774,71.868,73.275,74.34,75.32
Armenia,1565329,1868852,2205833,2519745,2834136,3115289,3373532,3376783,3068751,3042556,2982904,Europe & Central Asia,1,4.494,4.494,4.453,3.447,3.037,2.503,2.376,2.575,2.38,1.75,1.345,1.388,62.809,64.928,67.055,69.211,70.786,70.595,70.916,68.408,68.663,70.377,71.403,71.965
Aruba,53865,57203,59020,59039,59390,60266,64129,66653,67836,69539,71566,America,3,5.65,5.15,4.399,3.301,2.651,2.45,2.358,2.3,2.28,2.208,2.124,2.04,60.437,64.381,66.606,68.336,70.941,71.83,74.116,74.494,74.108,73.011,73.451,74.239
Australia,9277087,10361273,11439384,12660160,13771400,14615900,15788300,17022133,18116171,19164620,20090437,East Asia & Pacific,4,3.18,3.406,3.274,2.871,2.535,1.989,1.907,1.859,1.86,1.776,1.756,1.788,69.12,70.33,70.93,71.1,71.93,73.49,74.74,76.32,77.56,78.83,80.37,81.235
Austria,6946885,7047437,7270889,7467086,7578903,7549433,7559776,7722953,8047433,8113413,8184691,Europe & Central Asia,1,2.09,2.52,2.78,2.53,2.02,1.64,1.62,1.45,1.47,1.388,1.382,1.42,66.8,67.48,69.54,70.14,70.63,72.17,73.18,74.94,76.04,77.51,78.98,79.829
Azerbaijan,3313718,3881546,4566962,5168973,5696117,6173361,6681687,7199838,7630291,7748163,7911974,Europe & Central Asia,1,5.493,5.41,5.637,4.935,4.289,3.624,3.036,2.95,2.9,2.2,1.67,1.815,57.961,60.008,62.068,64.111,65.627,65.152,65,66.089,65.623,66.328,66.844,67.487
Bahamas,87138,112234,139205,170323,189139,209944,234988,257253,275303,290075,301790,America,3,4.053,4.305,4.503,3.794,3.444,3.221,3.16,2.62,2.6,2.4,2.1111,2.0221,59.846,62.405,64.209,65.795,66.515,67.199,67.874,69.524,69.171,68.472,71.068,73.495
Bahrain,130253,156648,191378,219543,258789,347568,423950,500476,572639,634137,688345,Middle East & North Africa,5,6.97,6.97,7.175,6.97,5.945,5.228,4.633,4.08,3.362,2.76,2.506,2.292,50.939,53.832,56.923,59.923,63.3,65.593,69.052,70.75,72.601,73.925,74.795,75.635
Bangladesh,49601520,54621538,60332117,67402621,76253310,88076996,99752733,109896945,119186448,130406594,144319628,South Asia,0,6.7,6.76,6.85,6.6,6.15,5.6,5.25,4.629,4.117,3.5043,3.224,2.826,37.484,39.348,41.216,43.453,45.252,46.923,50.009,52.819,56.018,59.412,62.013,64.062
Barbados,227255,232339,234980,238756,247147,251966,257446,262624,267907,273483,278870,America,3,4.67,4.67,4.26,3.45,2.74,2.19,1.92,1.75,1.6,1.5,1.5,1.5,57.22,62.57,65.87,67.62,69.42,71.27,72.695,74.027,74.894,74.912,75.97,77.296
Belarus,7780565,8167918,8590786,9027198,9360184,9643706,9981744,10215208,10403989,10366719,10300483,Europe & Central Asia,1,2.61,2.73,2.69,2.38,2.25,2.09,2.088,2.045,1.677,1.308,1.235,1.204,65.9,67.9,71.29,73.13,72.67,71.86,71.49,72.15,70.17,68.37,68.16,69.027
Belgium,8868475,9118700,9448100,9637800,9794800,9846800,9858200,9969310,10155459,10263618,10364388,Europe & Central Asia,1,2.343,2.496,2.644,2.392,2.015,1.705,1.595,1.559,1.613,1.604,1.638,1.646,68,69.24,70.25,70.94,71.44,72.8,73.93,75.35,76.46,77.53,78.32,79.441
Belize,76892,91863,106965,122070,135611,144416,165530,190847,217120,247887,281084,America,3,6.65,6.55,6.45,6.35,6.25,6.2,5.4,4.7,4.3467,3.85,3.35,2.9349,57.673,60.18,62.678,65.184,67.589,69.747,71.031,71.879,72.522,74.405,75.586,76.121
Benin,1846175,2055083,2310714,2619809,2995605,3444361,3982013,4676077,5700089,6627964,7649360,Sub-Saharan Africa,2,6.801,6.882,6.963,7.022,7.064,7.103,7.136,6.902,6.63,6.253,5.866,5.415,38.223,40.358,42.618,44.885,47.014,49.19,50.904,52.337,53.919,54.777,54.406,56.728
Bhutan,796000,867000,950000,1045000,1157452,1281000,1424193,1597719,1793012,2005222,2232291,South Asia,0,6.6696,6.6696,6.6696,6.6696,6.6696,6.6696,6.4241,6.1968,5.3864,4.192,2.9075,2.1944,36.101,36.614,37.736,39.491,41.837,44.708,47.872,50.717,54.471,58.929,63.458,65.625
Bolivia,3074311,3434073,3853315,4346218,4914316,5441298,5934935,6573900,7376582,8152620,8857870,America,3,6.75,6.75,6.63,6.56,6.5,5.8,5.2995,5,4.8,4.324,3.9585,3.5,40.414,41.89,43.428,45.032,46.714,50.023,53.859,57.251,59.957,62.05,63.883,65.554
Bosnia and Herzegovina,2974000,3240000,3493000,3703000,3980000,4092000,4275355,4423646,3708960,4035457,4430494,Europe & Central Asia,1,4.82,4.28,3.81,3.17,2.63,2.24,1.99,1.9,1.53,1.535,1.283,1.23,53.82,58.45,61.93,64.79,67.45,69.86,70.69,71.14,72.178,73.244,74.09,74.852
Botswana,461100,496695,538100,583999,704591,900476,1078902,1263643,1466989,1607069,1640115,Sub-Saharan Africa,2,6.5,6.575,6.65,6.7,6.546,6.366,5.965,5.109,4.321,3.7,3.18,2.896,47.622,49.618,51.52,53.298,56.024,59.319,61.484,63.622,62.745,52.556,46.634,50.728
Brazil,61773546,71694810,83092908,95684297,108823732,122958132,137302933,151083809,163542501,175552771,186112794,America,3,6.1501,6.1501,6.1501,5.38,4.7175,4.305,3.8,3.1,2.6,2.45,2.345,2.245,50.917,53.285,55.665,57.632,59.504,61.489,63.336,65.205,67.057,69.388,71.006,72.39
Brunei,60983,83037,102414,127554,156223,185220,220215,258172,297508,336376,372361,East Asia & Pacific,4,6.999,6.999,6.72,5.941,5.401,4.4,3.8,3.37,3.09,2.7,2.504,2.294,60.36,61.49,62.97,64.94,68.34,69.66,71.62,73.2,74.471,75.465,76.315,77.118
Bulgaria,7499400,7867374,8201400,8489574,8720742,8843528,8943573,8894028,8255811,7818495,7450349,Europe & Central Asia,1,2.48,2.27,2.18,2.15,2.17,2.17,2.01,1.92,1.48,1.186,1.257,1.31,59.6,66.61,69.51,70.42,70.9,70.81,71.08,71.34,71.19,70.32,72.14,73.005
Burkina Faso,4614490,4865796,5031519,5303777,5673472,6315312,7168228,8335771,9772602,11308552,13491736,Sub-Saharan Africa,2,6.5,6.5,6.72,7.33,7.75,7.75,7.68,7.44,7.1572,6.7696,6.3612,6.0042,31.975,34.906,37.814,40.697,43.591,46.137,48.122,49.557,50.26,50.324,50.65,52.295
Burundi,2576249,2815405,3170653,3521913,3676308,4299555,4906862,5505113,6077812,6621126,7795426,Sub-Saharan Africa,2,6.801,6.801,6.801,6.801,6.801,6.801,6.8,6.8,6.8,6.8,6.8,6.8,39.031,40.533,42.045,43.548,44.057,45.91,47.471,48.211,44.736,45.326,47.36,49.58
Cambodia,5048797,5761223,6602232,7394644,7489990,6869171,7805090,9355479,11282730,12466262,13636398,East Asia & Pacific,4,6.294,6.294,6.291,6.216,5.535,4.7,6.6,6,5.549,4.45,3.637,3.175,39.417,41.366,43.415,45.415,40.317,31.22,50.957,53.914,55.803,56.534,56.752,59.723
Cameroon,5210832,5608760,6103788,6726733,7521530,8746201,10127591,11778594,13504356,15233673,16988132,Sub-Saharan Africa,2,5.68,5.68,5.9,6.1,6.3,6.4,6.4,6.1,5.7,5.1,4.917,4.3138,38.523,40.428,42.643,44.799,47.049,49.355,52.961,54.985,54.314,52.199,49.856,50.43
Canada,16050356,18266765,20071104,21749986,23209200,24593300,25941600,27790600,29619002,31278097,32805041,America,3,3.645,3.882,3.675,2.61,1.976,1.734,1.634,1.616,1.694,1.564,1.522,1.527,68.75,69.96,71.3,72.13,72.88,74.21,75.76,76.86,77.95,78.61,79.77,80.653
Cape Verde,169146,196768,231719,268867,280259,296042,319490,349264,378520,401343,418224,Sub-Saharan Africa,2,6.598,6.902,7.004,7.004,7.004,6.75,6.45,5.9,5,4.1,3.771,3.367,48.48,50.98,52.98,55.48,57.48,59.98,61.766,64.078,66.422,68.646,70.203,71.677
Central African Republic,1348342,1467449,1627540,1839245,2057734,2348429,2712740,3083530,3541284,3935417,4237703,Sub-Saharan Africa,2,5.516,5.595,5.656,5.69,5.719,5.889,5.69,5.69,5.6,5.3,4.958,4.578,35.463,37.464,39.475,41.478,43.457,46.775,48.295,50.485,49.396,46.066,43.308,44.741
Chad,2805256,3042303,3344639,3730240,4179837,4542002,5169374,6022856,7103883,8316481,9657069,Sub-Saharan Africa,2,6.1,6.2,6.3,6.4,6.6,6.737,6.751,6.698,6.647,6.619,6.542,6.195,38.092,39.881,41.716,43.601,45.569,47.383,49.517,51.051,51.724,51.573,50.525,50.651
Channel Islands,106011,109891,116389,122289,126010,128891,134748,146232,148965,152995,156040,Europe & Central Asia,1,2.056,2.222,2.562,2.362,1.858,1.523,1.439,1.45,1.461,1.4,1.414,1.42,70.566,71.036,71.5,71.971,72.438,73.069,74.123,75.438,76.769,77.558,78.327,79.048
Chile,6743269,7585349,8509950,9368558,10251542,11093718,12066701,13127760,14205449,15153450,15980912,America,3,4.95,5.486,5.4385,4.4405,3.63,2.803,2.671,2.65,2.55,2.21,2,1.944,54.745,56.074,57.924,60.523,63.441,67.052,70.565,72.492,74.126,75.816,77.86,78.553
China,608655000,667070000,715185000,818315000,916395000,981235000,1051040000,1135185000,1204855000,1262645000,1303182268,East Asia & Pacific,4,6.22,5.59,5.72,6.06,4.86,3.32,2.55,2.46,1.92,1.781,1.7,1.725,,50.54896,44.50136,58.38112,63.11888,63.96736,65.525,67.274,68.69,70.426,72.028,72.961
Colombia,13588405,15952727,18646175,21429658,24114177,26582811,29678395,32858579,36280883,39685655,42954279,America,3,6.76,6.76,6.76,6.18,5.0005,4.3385,3.685,3.172,2.93005,2.7,2.4705,2.2205,50.643,55.118,57.863,59.963,61.623,63.837,66.653,67.768,68.421,70.313,71.682,72.889
Comoros,163711,182899,206279,236252,272685,333513,375099,429010,496906,578400,671247,Sub-Saharan Africa,2,6.328,6.601,6.909,7.05,7.05,7.05,7.05,6.5,5.8,5.4,4.887,4.302,40.715,42.46,44.467,46.472,48.944,50.939,52.933,54.926,57.939,60.66,62.974,65.152
Congo Dem. Rep.,14952568,16610482,18855509,21780955,25027571,29010717,33340593,39064041,46343432,52021832,60764490,Sub-Saharan Africa,2,6,6.1,6.2,6.3,6.45,6.6,6.7,6.7,6.7,6.7,6.7,6.7,39.143,40.652,42.122,44.056,45.989,47.804,47.784,47.412,45.548,42.587,44.966,46.462
Congo Rep.,903672,1002214,1123795,1272408,1453638,1674005,1941071,2264842,2648529,3102404,3602269,Sub-Saharan Africa,2,5.684,5.786,5.989,6.192,6.293,6.293,5.994,5.547,5.207,4.8672,4.783,4.4919,42.111,45.053,48.435,52.04,54.907,55.625,56.695,57.47,56.433,52.962,52.97,55.322
Costa Rica,1031782,1248022,1487605,1735523,1991580,2299124,2643808,3027175,3383786,3710558,4016173,America,3,6.7235,7.1135,7.2245,5.801,4.346,3.7755,3.527,3.374,2.945,2.5835,2.2815,2.0985,57.206,60.026,62.842,65.424,67.849,70.75,73.45,74.752,75.713,77.26,78.123,78.782
Cote d'Ivoire,3164270,3576077,4326838,5503630,6888884,8375546,10049353,11981454,13988434,15563387,17298040,Sub-Saharan Africa,2,7,7.105,7.308,7.308,7.41,7.41,7.41,6.9,6.275,5.622,5.06,4.464,40.477,42.469,44.93,47.35,49.801,52.374,53.983,54.655,52.044,47.991,46.832,48.328
Croatia,3955526,4036145,4133313,4205389,4255000,4383000,4457874,4508347,4496683,4410830,4495904,Europe & Central Asia,1,2.76,2.42,2.27,2.09,1.96,2.02,1.96,1.84,1.52,1.537,1.348,1.346,61.21,64.77,67.13,68.5,69.61,70.64,70.46,71.52,72.527,73.68,74.876,75.748
Cuba,6381106,7027210,7809916,8542746,9290074,9652975,10078658,10544793,10896802,11134273,11346670,America,3,4.15,3.6995,4.6805,4.3,3.6,2.15,1.8495,1.8495,1.6505,1.6095,1.63,1.49,59.421,62.325,65.246,68.29,70.723,72.649,73.717,74.174,74.414,76.151,77.158,78.273
Cyprus,530000,573000,590800,614600,610500,611000,647300,681349,733188,758363,780133,Europe & Central Asia,1,3.705,3.498,3.436,2.795,2.49,2.287,2.449,2.428,2.36,1.919,1.634,1.607,66.99,68.09,69.2,70.3,71.41,73.7,75,76.136,76.826,77.95,78.957,79.035
Czech Republic,9365969,9659818,9776922,9795226,10042019,10288726,10310162,10309514,10323830,10270128,10241138,Europe & Central Asia,1,2.69,2.35,2.221,1.927,2.185,2.31,1.999,1.92,1.6535,1.1709,1.1784,1.241,66.87,69.03,69.9,70.38,70.29,70.71,70.96,71.58,72.4,74.01,75.51,76.486
Denmark,4439000,4581000,4758100,4928757,5059861,5123027,5113691,5140954,5232612,5337416,5432335,Europe & Central Asia,1,2.551,2.549,2.586,2.272,1.965,1.683,1.43,1.544,1.748,1.756,1.759,1.799,70.78,71.81,72.35,72.96,73.47,74.69,74.63,74.8,75.33,76.11,77.18,78.332
Djibouti,68137,78417,110840,158034,207959,279149,296544,366088,409366,430822,476703,Middle East & North Africa,5,7.8,7.8,7.8,7.6,7.2,6.8,6.6,6.4,5.85,5.112,4.517,3.949,34.812,37.328,39.693,42.074,44.366,46.519,48.812,50.04,51.604,53.157,53.373,54.791
Dominican Republic,2737257,3231488,3805881,4422755,5048499,5696855,6377765,7077651,7730224,8385828,9049595,America,3,7.5995,7.6405,7.3505,6.6495,5.71,4.76,4,3.47,3.1995,3.05,2.95,2.81,45.928,49.828,53.459,56.751,59.631,61.788,63.727,66.046,68.457,69.957,70.847,72.235
Ecuador,3842399,4415956,5117779,5939246,6871698,7920499,9061664,10318036,11438004,12505204,13363593,America,3,6.7,6.7,6.7,6.5,6.0005,5.4005,4.7005,4,3.4005,3.1,2.8175,2.578,48.357,51.356,54.64,56.678,58.796,61.31,64.342,67.231,69.613,72.312,74.173,74.994
Egypt,23855527,26846610,30265148,33574026,36952499,42634215,50052381,56694413,63321615,70492342,77505756,Middle East & North Africa,5,6.56,6.97,7.073,6.56,5.855,5.609,5.332,4.833,3.908,3.5,3.174,2.891,41.893,44.444,46.992,49.293,51.137,53.319,56.006,59.797,63.674,67.217,69.806,71.338
El Salvador,2221139,2581583,3017852,3603907,4071179,4566199,4664361,5099884,5568437,6122515,6704932,America,3,6.4575,6.8065,6.847,6.621,6.0995,5.5996,4.5,3.901,3.52,3.17,2.883,2.6825,45.262,48.57,52.307,55.855,58.207,56.696,56.604,63.154,66.798,69.535,70.734,71.878
Equatorial Guinea,225899,243867,252833,270435,213292,256009,324741,368379,418534,473216,529034,Sub-Saharan Africa,2,5.501,5.499,5.53,5.658,5.68,5.68,5.79,5.89,5.89,5.868,5.638,5.358,34.482,35.983,37.485,38.987,40.516,42.024,43.662,45.664,47.545,48.245,49.348,51.579
Eritrea,1498684,1614698,1746439,2160460,2421037,2568741,2789056,2996243,3858978,4356581,4669638,Sub-Saharan Africa,2,6.965,6.965,6.815,6.699,6.52,6.5,6.5,6.31,6.16,5.93,5.53,5.047,35.928,38.047,40.158,42.189,44.142,44.535,43.89,46.453,49.991,53.378,55.24,58.04
Estonia,1154371,1210647,1287808,1363183,1432246,1482196,1538224,1569322,1446509,1379835,1332893,Europe & Central Asia,1,2.06,1.99,1.94,2.02,2.15,2.06,2.09,2.199,1.627,1.331,1.391,1.486,65.33,67.7,69.84,70.97,70.35,69.86,69.86,70.94,69.14,70.13,71.21,71.37
Ethiopia,21990323,24168672,26740270,29468504,32975868,36036457,40698078,48197268,56628083,64690052,73053286,Sub-Saharan Africa,2,7.1,6.9,6.86,6.82,6.8,6.8,6.84,6.82,6.767,6.339,5.777,5.29,34.078,36.667,40.059,42.115,43.515,44.51,44.916,46.684,48.091,49.402,50.725,52.947
Fiji,332185,393348,463444,521000,576000,634506,698942,738090,775901,832494,893354,East Asia & Pacific,4,6.625,6.792,5.953,5,4.2,4.001,3.801,3.47,3.35,3.194,2.976,2.753,52.46,54.556,56.494,58.607,60.642,62.669,64.683,66.626,66.575,66.836,67.832,68.774
Finland,4234900,4429600,4563732,4606307,4711439,4779535,4901783,4986431,5104654,5168595,5223442,Europe & Central Asia,1,2.997,2.769,2.66,2.191,1.623,1.663,1.685,1.66,1.819,1.743,1.754,1.825,66.55,67.49,68.75,69.83,70.87,72.52,74.55,74.83,75.7,77.13,78.37,79.313
France,43427669,45670000,48763000,50787000,52758427,53869743,55171224,56735161,58149727,59381628,60656178,Europe & Central Asia,1,2.726,2.712,2.85,2.607,2.31,1.862,1.866,1.805,1.713,1.7624,1.8833,1.8916,67.41,68.93,70.51,71.55,72.38,73.83,74.89,76.34,77.46,78.64,79.59,80.657
French Guiana,28483,32243,40035,48291,56261,67762,88828,115930,145082,172605,195506,America,3,5,4.92,5.02,5,4.18,3.3,3.58,3.73,4.05,3.9265,3.6758,3.2715,53.28,56.07,59.38,64.17,65.66,66.47,69.363,71.198,72.757,74.242,75.142,75.875
French Polynesia,71900,81100,94717,114000,133100,150896,175416,201826,226766,249110,270485,East Asia & Pacific,4,6,6.4,6.501,6.199,5.15,4.229,3.815,3.569,3.05,2.6,2.387,2.262,48.863,54.769,56.983,59.191,60.926,62.427,66.234,68.211,70.182,71.821,73.01,74.057
Gabon,428772,446003,474386,514597,647426,713502,832590,937493,1068383,1235484,1394307,Sub-Saharan Africa,2,4,4,4.25,4.5,5,5,5,5,4.5,3.83,3.3883,3.0567,37.003,38.999,40.489,44.598,48.69,52.79,56.564,60.19,61.366,60.461,56.761,56.735
Gambia,306390,351953,411947,484580,570020,670523,790282,949255,1149787,1367884,1595086,Sub-Saharan Africa,2,6.2315,6.4392,6.6469,6.6469,6.6458,6.6083,6.4691,6.1839,5.8848,5.5309,5.1585,4.702,30,32.065,33.896,35.857,38.308,41.842,45.58,49.265,52.644,55.861,58.041,59.448
Georgia,3827154,4146570,4464959,4694491,4897656,5045697,5192957,5426207,5012952,4777209,4677401,Europe & Central Asia,1,3,2.909,2.979,2.611,2.601,2.39,2.269,2.263,1.95,1.58,1.478,1.407,60.616,62.625,64.644,66.654,68.158,69.634,69.638,70.45,70.465,70.49,70.476,70.987
Germany,70195612,72480869,75638851,77783164,78682325,78297904,77684907,79380394,81653702,82187909,82431390,Europe & Central Asia,1,2.16,2.3,2.49,2.32,1.64,1.52,1.46,1.43,1.31,1.34,1.346,1.36,67.5,69.1,70.3,70.8,71,72.5,73.8,74.847,76.07,77.34,78.67,79.406
Ghana,6048606,6958283,8009602,8788945,10118240,11015630,13224725,15399466,17669087,19657719,21946247,Sub-Saharan Africa,2,6.7,6.7,6.7,6.7,6.7,6.65,6.5,6.087,5.455,4.818,4.385,3.837,43.149,44.779,46.452,48.072,49.875,51.756,53.744,55.729,57.501,58.556,58.453,60.022
Greece,7965538,8327405,8550333,8792806,9046542,9642505,9923253,10129603,10457554,10559110,10668354,Europe & Central Asia,1,2.29,2.27,2.2,2.38,2.32,2.32,1.96,1.53,1.37,1.296,1.277,1.325,65.86,67.86,69.51,71,72.34,73.68,75.24,76.67,77.03,77.869,78.256,79.483
Grenada,84621,90148,93290,95410,95819,90164,92203,92360,90603,89312,89502,America,3,5.8,6.7,6.4,4.8,4.6,4.3,4.23,4.14,3.26,2.814,2.429,2.302,62.632,63.114,63.608,64.091,64.577,65.035,65.503,66.002,66.469,66.986,67.746,68.724
Guadeloupe,235385,268888,301565,320657,333418,336846,354125,377678,402359,426493,448713,America,3,5.61,5.61,5.61,5.22,4.49,3.06,2.55,2.45,2.097,2.1,2.059,2.114,56.53,61.57,64.62,65.82,67.76,69.86,72.51,73.58,75.856,77.286,78.405,79.198
Guam,68700,66900,74100,86470,102110,106869,120615,134125,144190,155324,168564,East Asia & Pacific,4,5.527,5.828,6.03,4.724,4.12,3.516,3.08,3.139,3.1,3,2.74,2.539,56.98,59.528,62.118,64.457,66.554,68.354,69.924,71.254,72.511,73.55,74.608,75.507
Guatemala,3433887,3975707,4531949,4950548,5473584,6064228,6917947,8001019,9266312,10625732,12013907,America,3,7,6.6,6.5,6.3,6.2,6.2005,6.1,5.7005,5.45,5.0005,4.6,4.152,42.023,44.142,46.954,50.016,53.738,56.029,58.137,60.782,63.373,66.322,68.978,70.259
Guinea,2786879,3028117,3321330,3661175,4053377,4508009,5327721,6278696,7682082,8638858,9452670,Sub-Saharan Africa,2,6.9955,6.9955,6.9955,6.9955,6.9955,6.9955,6.9955,6.8425,6.4959,6.1566,5.8443,5.436,33.609,34.558,35.753,37.197,38.842,40.762,42.891,45.552,48.576,51.455,53.676,56.007
Guinea-Bissau,591909,616682,603780,620020,680919,789053,885234,995991,1143057,1278273,1413446,Sub-Saharan Africa,2,5.583,5.583,5.99,6.5,7.1,7.1,7.1,7.1,7.1,7.1,7.1,7.069,32.5,33.489,34.488,35.492,36.486,37.465,39.327,41.245,43.266,44.873,45.504,46.388
Guyana,491180,571083,640316,714811,767977,759352,758329,750903,747929,755171,765283,America,3,6.68,6.77,6.15,6.11,4.9,3.94,3.26,2.7,2.55,2.5,2.4254,2.3338,52.31,54.815,57.32,59.187,59.958,60.651,60.923,61.79,62.531,62.06,63.578,66.827
Haiti,3376419,3722743,4137405,4604915,4828338,5029725,5517977,6126101,6675578,7306302,8121622,America,3,6.3,6.3,6.3,6,5.6005,5.8,6.2099,5.69985,5.14985,4.61995,4,3.5445,37.579,40.696,43.59,46.243,48.042,49.923,51.461,53.636,55.089,56.671,58.137,60.916
Honduras,1662219,1951640,2329159,2760666,2857540,3401940,4076514,4792271,5546185,6347658,7167902,America,3,7.497,7.497,7.418,7.421,7.05,6.6,5.9995,5.37,4.916,4.3005,3.723,3.308,41.912,44.665,48.041,50.924,53.884,57.402,60.909,64.492,66.399,67.659,68.565,70.198
Hong Kong,2490400,3075300,3597900,3959000,4395800,5063100,5456200,5687959,6225347,6658720,6898686,East Asia & Pacific,4,4.44,4.72,5.31,4.02,2.89,2.32,1.8,1.31,1.288,1.08,0.94,0.966,60.96,64.75,67.65,70,72,73.6,75.45,76.2,77.601,80,81.495,82.208
Hungary,9825000,9983512,10152934,10337004,10531820,10711122,10648713,10371878,10295874,10137449,10006835,Europe & Central Asia,1,2.73,2.21,1.82,1.98,2.09,2.12,1.81,1.82,1.73,1.381,1.295,1.28,64.03,66.41,67.96,69.5,69.76,69.95,69.39,69.58,69.17,71.04,72.59,73.338
Iceland,158044,175860,192288,204104,218031,228161,241403,254719,267527,281043,296737,Europe & Central Asia,1,3.7,4.023,3.943,3.154,2.843,2.287,2.248,2.116,2.194,2.056,1.993,2.052,72.49,73.47,73.68,73.73,74.46,76.11,76.99,77.23,78.77,78.95,80.5,81.757
India,393000000,434000000,485000000,541000000,607000000,679000000,755000000,839000000,927000000,1007702000,1080264388,South Asia,0,5.9136,5.8961,5.8216,5.6058,5.264,4.8888,4.4975,4.15,3.8648,3.4551,3.1132,2.8073,37.373,40.249,43.605,47.193,50.651,54.208,56.596,58.553,60.223,61.765,62.879,64.698
Indonesia,86807000,95254000,105093000,116044000,130297000,146995000,163403000,178500000,194755000,206265000,218465000,East Asia & Pacific,4,5.486,5.672,5.62,5.568,5.3,4.73,4.109,3.4,2.9,2.55,2.3761,2.182,37.468,39.918,42.518,45.964,49.203,52.702,56.159,60.137,62.681,66.041,68.588,70.65
Iran,18729000,21577000,25000000,28933000,33379000,39583397,48439952,57035717,61628116,65660289,68017860,Middle East & North Africa,5,7,7,7,6.8,6.4,6.5,6.63,5.62,4.328,2.534,2.124,2.04,44.869,47.181,49.325,52.469,55.234,57.702,59.62,63.04,65.742,68.042,69.451,70.964
Iraq,5903253,6822030,7970746,9413671,11117804,13232839,15693620,18134702,19557247,22675617,26074906,Middle East & North Africa,5,7.3,7.3,7.25,7.2,7.15,6.8,6.35,6.15,5.7,5.37,4.858,4.264,45.32,48.437,51.457,54.459,56.95,60.413,62.038,65.044,59.461,58.811,57.046,59.545
Ireland,2916133,2832000,2876000,2950100,3177300,3401000,3540000,3508200,3613890,3791690,4015676,Europe & Central Asia,1,3.38,3.68,3.979,3.873,3.815,3.478,2.877,2.287,1.969,1.9,1.969,1.964,66.91,68.9,70.29,71.08,71.28,72.03,73.1,74.36,75.467,76.122,77.783,78.885
Israel,1772032,2141495,2578184,2903434,3354242,3737473,4074965,4512068,5305120,5842454,6276883,Middle East & North Africa,5,4.161,3.893,3.852,3.79,3.77,3.409,3.125,3.051,2.933,2.942,2.906,2.75,65.39,67.84,69.39,70.75,71.63,73.06,74.45,75.6,76.93,78.269,79.696,80.745
Italy,48633000,50197600,51987100,53661100,55571894,56451247,56731215,56742886,57274531,57719337,58103033,Europe & Central Asia,1,2.321,2.35,2.498,2.493,2.325,1.889,1.53,1.349,1.275,1.213,1.286,1.379,65.94,67.81,69.24,71.06,72.19,73.48,74.98,76.42,77.44,78.82,80.24,80.546
Jamaica,1488805,1631784,1777397,1943787,2104879,2228803,2318652,2347922,2469389,2615467,2735520,America,3,4.22,5.08,5.64,5.78,5,4,3.55,3.1,2.84,2.67,2.628,2.4289,58.53,62.61,65.61,67.51,69,70.11,71.21,71.77,71.766,72.262,72.047,72.567
Japan,89815060,94091638,98882534,104344973,111573116,116807309,120754335,123537399,125341354,126699784,127417244,East Asia & Pacific,4,2.75,2.08,2.02,2,2.07,1.81,1.76,1.66,1.49,1.39,1.291,1.27,63.03,65.5,68.73,71.43,73.42,75.38,77.11,78.67,79.36,80.69,82,82.603
Jordan,686955,848515,1061463,1502959,1802960,2162807,2627750,3262054,4201514,4998564,5759732,Middle East & North Africa,5,7.38,7.38,7.995,7.995,7.79,7.38,6.765,5.87,5.14,4.315,3.529,3.13,43.158,45.669,48.126,51.629,56.528,61.134,63.739,65.869,68.015,69.772,71.263,72.535
Kazakhstan,7976879,9982014,11902456,13106377,14157075,14966718,15789549,16398131,15878488,15032140,15185844,Europe & Central Asia,1,4.406,4.555,4.431,3.671,3.459,3.06,2.957,3.033,2.55,2,2.006,2.31,55.029,57.189,59.349,61.506,63.12,64.192,65.787,67.408,65.359,62.959,64.878,66.996
Kenya,7033999,8156827,9549179,11247182,13433414,16331401,19763285,23358413,27060142,29985839,33829590,Sub-Saharan Africa,2,7.511,7.816,8.12,8.12,8,7.6,7.2,6.5,5.4,5,5,4.959,42.27,44.686,47.949,50.654,53.559,56.155,58.766,59.339,59.285,54.407,50.992,54.11
South Korea,8839427,10391909,11868751,13911902,15801308,17113626,18481420,20018546,21561856,21647682,22912177,East Asia & Pacific,4,2.7,3.8,3.41,4.09,3.72,2.58,2.93,2.45,2.35,2.0938,1.9173,1.85,50.056,54.081,56.656,59.942,63.983,67.159,69.1,70.647,69.978,67.727,66.662,67.297
North Korea,21551834,24784140,28705000,32241000,35281000,38124000,40806000,42869000,45264146,47351083,48640671,East Asia & Pacific,4,5.4,6.332,5.63,4.708,4.281,2.919,2.234,1.601,1.696,1.514,1.242,1.21,47.453,52.681,55.292,57.716,62.612,64.766,67.123,69.81,72.244,74.647,77.045,78.623
Kuwait,186639,292229,476123,747502,1006892,1369769,1732824,2142011,1620808,1973572,2335648,Middle East & North Africa,5,7.207,7.207,7.308,7.41,6.902,5.887,4.872,3.938,3.2,2.614,2.296,2.184,55.565,58.033,60.47,64.624,67.712,69.343,71.309,74.174,75.19,76.156,76.904,77.588
Kyrgyz Republic,1901498,2171285,2573131,2963792,3300684,3622728,4005552,4382486,4532223,4851054,5146281,Europe & Central Asia,1,4.509,4.834,5.39,5.011,4.726,4.054,4.101,4.019,3.612,2.986,2.5,2.482,52.888,55.09,57.301,59.501,61.186,62.324,63.969,66.013,66.126,64.949,65.349,65.891
Lao PDR,2077063,2309365,2565380,2844851,3161118,3293159,3657169,4210452,4846116,5497733,6217141,East Asia & Pacific,4,6.4212,6.4212,6.4212,6.4212,6.4206,6.4167,6.4087,6.4002,5.8589,4.7043,3.5875,3.2134,41.922,43.082,44.251,45.393,46.544,48,49.768,52.354,56.044,59.45,61.902,64.416
Latvia,2002111,2115183,2253604,2361159,2461606,2524543,2606405,2663590,2488008,2376178,2290237,Europe & Central Asia,1,2,1.95,1.85,1.81,2,2,2,2.09,1.627,1.171,1.245,1.286,66.02,68.9,69.88,70.82,70.25,69.45,69.71,71.05,68.57,69.56,70.68,72.674
Lebanon,1560985,1786235,2057945,2383029,3098159,3085876,3088235,3147267,3334733,3578036,3826018,Middle East & North Africa,5,5.74,5.72,5.689,5.336,4.78,4.311,3.895,3.313,3,2.695,2.319,2.209,55.928,59.489,62.094,63.87,65.421,66.099,66.983,67.926,69.292,70.265,71.028,71.993
Lesotho,786192,858551,952459,1067136,1195487,1344218,1521382,1721563,1919569,2037961,2031348,Sub-Saharan Africa,2,5.84,5.861,5.811,5.8,5.8,5.686,5.459,5.135,4.701,4.373,3.793,3.373,42.138,45.047,47.747,48.492,49.767,52.208,55.078,57.18,59.685,55.558,44.593,42.592
Liberia,928269,1054837,1208749,1396565,1616410,1848979,2136793,2116666,1974588,2693780,2900269,Sub-Saharan Africa,2,6.45,6.65,6.8,6.9,6.9,6.9,6.9,6.9,6.9,6.8,6.8,6.773,38.48,39.486,40.502,41.536,42.614,43.764,44.852,46.027,40.802,42.221,43.753,45.678
Libya,1122475,1337947,1623770,1999162,2569606,3065365,3675422,4139825,4654252,5115450,5765563,Middle East & North Africa,5,6.868,6.97,7.175,7.483,7.585,7.38,7.175,5.65,4.1,3.411,3.03,2.724,42.723,45.289,47.808,50.227,52.773,57.442,62.155,66.234,68.755,71.555,72.737,73.952
Lithuania,2614336,2764864,2959173,3137562,3305195,3435289,3587032,3694836,3673577,3654387,3596617,Europe & Central Asia,1,2.71,2.66,2.4,2.27,2.32,2.12,2.03,2.09,1.812,1.471,1.276,1.264,64.8,67.78,69.4,71.92,71.26,71.04,71.06,72.14,70.4,70.98,71.93,72.962
Luxembourg,304777,313969,331500,339174,358950,364400,367169,382966,409704,438777,468571,Europe & Central Asia,1,1.98,2.23,2.395,2.192,1.722,1.486,1.465,1.469,1.663,1.7213,1.67,1.6596,65.92,67.47,68.67,69.69,70.71,71.76,72.47,74.15,75.17,76.82,78.09,78.09
Macao,192684,186053,223820,261369,254331,255773,305843,351756,401452,431338,449198,East Asia & Pacific,4,5.03,4.9,5.1,3,3.2,2,2.5,2.05,1.55,1.116,0.842,0.906,53.95,56.99,61.03,65,66.42,69.43,74.03,76.04,77.3,78.809,79.982,80.718
Madagascar,5002657,5481721,6070004,6765644,7603790,8676821,9981292,11522099,13340359,15506472,18040341,Sub-Saharan Africa,2,6.8,6.8,6.8,6.8,6.7,6.6,6.4,6.3,6.124,5.801,5.278,4.776,36.681,38.865,40.848,42.881,44.851,46.881,48.969,49.35,52.214,54.978,57.286,59.443
Malawi,3088155,3450444,3914095,4489313,5267679,6129035,7123455,9286655,9912344,11258163,12707464,Sub-Saharan Africa,2,6.78,6.84,7,7.2,7.4,7.6,7.488,7.159,6.763,6.44,6.032,5.593,36.256,37.207,38.41,39.487,41.766,43.767,45.642,47.457,49.42,47.495,45.009,48.303
Malaysia,7311720,8428493,9647654,10910216,12267303,13764352,15545028,17503607,19611116,21793293,23953136,East Asia & Pacific,4,6.833,6.944,6.724,5.941,5.15,4.161,4.242,3.996,3.47,3.1,2.8745,2.5972,48.463,52.102,55.737,59.371,63.01,65.256,68,69.5,70.693,71.938,73.044,74.241
Maldives,80121,92247,97769,114572,132608,153957,181749,216401,256949,301475,349106,South Asia,0,7,7,7,7,7,7,6.8,6.6,5.5533,3.8475,2.8068,2.6314,38.88,42.01,45.15,48.3,51.44,54.58,57.137,59.637,60.989,63.413,65.584,68.464
Mali,4075537,4504219,4993293,5569486,6250341,6774767,7365165,8083816,8967132,10072267,11415261,Sub-Saharan Africa,2,7.105,7.105,7.105,7.35,7.558,7.558,7.558,7.467,7.377,7.218,6.7047,6.5159,33.685,35.307,36.936,38.487,39.977,41.714,43.916,46.364,48.388,49.903,51.818,54.467
Malta,314369,328517,319164,325569,327842,364001,347039,359107,376893,389947,398534,Middle East & North Africa,5,4.136,3.735,3.098,2.165,2.074,2.019,1.963,2.019,2.021,1.848,1.458,1.37,65.944,68.136,68.896,69.456,70.648,72.167,73.547,75.039,76.274,77.402,78.617,79.44
Martinique,245815,281802,311445,325484,334654,339365,353188,373565,394021,414516,432900,America,3,5.71,5.71,5.45,5,4.08,2.65,2.14,2.14,1.962,1.9,1.9771,1.9108,56.582,60.763,64.195,66.71,69.158,71.751,73.731,75.403,76.385,77.683,78.783,79.547
Mauritania,1053003,1117376,1195012,1289420,1404403,1549589,1746923,1984449,2341749,2667859,3086859,Sub-Saharan Africa,2,6.5832,6.5832,6.5832,6.5832,6.5832,6.3998,6.1934,5.9695,5.6732,5.2609,4.8326,4.3703,40.543,42.338,44.248,46.289,48.437,50.852,53.599,56.145,58.333,60.43,62.247,64.164
Mauritius,571669,663229,755528,829511,885461,963701,1021710,1073507,1128608,1179368,1230602,Sub-Saharan Africa,2,6.269,5.971,5.718,4.241,3.247,3.063,2.45,2.171,2.29,2.05,1.908,1.863,50.986,58.089,60.246,61.557,62.944,64.93,66.711,68.74,69.745,70.736,71.954,72.801
Mexico,32929914,38578505,45142399,52775158,60678045,68347479,76767225,84913652,92880353,99926620,106202903,America,3,6.7,6.8,6.7495,6.7495,6.5,5.2505,4.25,3.6295,3.1905,2.6705,2.4005,2.211,50.789,55.19,58.299,60.11,62.361,65.032,67.405,69.498,71.455,73.67,74.902,76.195
Micronesia,35821,41777,48722,56822,66222,77080,90631,108600,105988,107754,108105,East Asia & Pacific,4,7.2,7,6.9,6.9,6.9,6.4,6,5.2,4.7932,4.5275,4.2259,3.7051,54.576,56.566,58.551,60.541,62.599,64.693,65.328,65.883,66.443,67.056,67.573,68.534
Moldova,2622424,2998981,3333549,3594517,3846519,3996278,4148172,4397798,4459595,4430654,4455421,Europe & Central Asia,1,3.5,3.44,3.15,2.66,2.56,2.44,2.55,2.64,2.111,1.7,1.5,1.4,58.4,60.5,62.3,64.2,64.8,64.8,65.006,67.554,67.276,66.75,67.922,68.865
Mongolia,844046,954652,1090200,1247600,1445600,1662380,1907701,2216340,2420663,2600835,2791272,East Asia & Pacific,4,6,6,6,7.325,7.333,6.648,5.738,4.834,3.37,2.355,2.0701,1.8685,42.244,45.248,48.251,51.253,53.754,55.491,57.489,60.222,61.271,63.625,65.033,66.803
Montenegro,431658,461487,491051,514472,549000,560000,560562,583202,670608,732302,699259,Europe & Central Asia,1,3.22,2.75,2.57,2.43,2.36,2.37,2.32,2.23,1.808,1.838,1.828,1.83,59.164,61.448,63.728,67.178,70.636,73.066,74.101,74.865,75.435,75.445,73.981,74.543
Morocco,10781677,12423434,14066154,15909275,17687376,19487272,21857410,24685960,27446860,30122350,32725847,Middle East & North Africa,5,7.18,7.18,7.15,7.09,6.89,5.9,5.4,4.447,3.66,2.968,2.522,2.376,42.873,45.423,47.924,50.335,52.862,55.73,59.65,62.677,65.393,67.66,69.615,71.164
Mozambique,6781616,7472230,8301446,9304375,10432604,12102619,13062589,12655732,15697711,17768457,19406703,Sub-Saharan Africa,2,6.6,6.6,6.6,6.6,6.575,6.525,6.444,6.331,6.119,5.847,5.519,5.113,31.286,33.779,36.161,38.113,40.328,42.495,42.795,42.861,44.284,46.344,44.026,42.082
Myanmar,21048631,22836232,24932663,27386228,30360478,33373316,36740515,39655394,42173781,44702243,46996558,East Asia & Pacific,4,6,6,6.1,6.1,5.9,4.9,4.3,3.8,3.1,2.65,2.2492,2.0673,36.319,41.905,45.108,49.379,53.07,56.059,58.056,58.339,59.32,60.328,59.908,62.069
Namibia,521903,590731,670981,764683,915325,1058021,1203934,1471314,1686700,1905659,2030692,Sub-Saharan Africa,2,6,6.1,6.2,6.3,6.6,6.6,6.45,6.173,5.4,4.4,3.58,3.192,41.725,45.226,48.386,51.159,53.867,56.437,58.968,60.835,61.999,58.909,51.479,52.906
Nepal,9479233,10034723,10862394,11918678,13278095,15016477,17037772,19325207,21907276,24702119,27676547,South Asia,0,6.059,6.059,6.059,5.922,5.787,5.65,5.511,5.273,4.9966,4.3699,3.6822,3.2826,36.157,37.686,39.393,41.472,43.971,46.748,49.594,52.537,55.727,59.426,61.34,63.785
Netherlands,10750842,11486000,12292000,13032335,13653438,14143901,14491380,14951510,15459054,15907853,16407491,Europe & Central Asia,1,3.062,3.095,3.168,2.797,2.059,1.596,1.515,1.555,1.583,1.6,1.726,1.721,72.13,72.99,73.23,73.82,73.75,75.24,76.05,76.83,77.42,78.03,78.53,79.762
Netherlands Antilles,122772,136282,146841,158355,168549,172534,182923,188788,198914,210134,219958,America,3,5.65,5.15,4.399,3.301,2.651,2.45,2.358,2.3,2.28,2.121,2.062,1.85,60.47,64.41,66.6,68.3,70.4,72.12,73.75,74.5,74.468,74.579,74.996,75.112
New Caledonia,64948,78804,90360,112000,133000,139400,152591,168361,185833,201816,216494,East Asia & Pacific,4,5,5,5.3,5,5.15,3.9,3.33,3.07,2.89,2.6,2.2261,2.0768,51.35,52.8,58.18,60.18,61.2,65.75,68.35,69.98,71.48,72.723,75.082,76.058
New Zealand,2136168,2371746,2640400,2828050,3117800,3170150,3298050,3359604,3565990,3819762,4035461,East Asia & Pacific,4,3.688,4.07,4.022,3.348,2.843,2.178,1.963,2.053,2.061,1.952,1.964,1.994,69.39,70.26,71.24,71.52,71.89,72.22,73.84,74.32,76.33,77.55,79.11,80.204
Nicaragua,1277288,1492698,1750391,2052544,2394786,2805321,3190053,3683746,4382555,4932420,5465100,America,3,7.2,7.50005,7.1,6.95005,6.78995,6.35005,5.85005,5,4.5,3.6,3.00005,2.755,42.314,45.432,48.632,51.884,55.151,57.47,59.298,62.008,65.843,68.426,70.836,72.899
Niger,3559494,3912663,4343664,4840501,5419038,6118518,6956968,7945137,9139044,10516111,12162856,Sub-Saharan Africa,2,8.1168,8.1168,8.1168,8.1168,8.1168,8.1168,8.0985,7.9576,7.8238,7.6939,7.4457,7.1868,37.444,38.598,39.487,40.118,40.546,41.291,42.598,44.555,47.391,51.313,54.496,56.867
Nigeria,35458978,39914593,45020052,51027516,58522112,68550274,77573154,88510354,100960105,114306700,128765768,Sub-Saharan Africa,2,6.9,6.9,6.9,6.9,6.9,6.9,6.9,6.834,6.635,6.246,5.845,5.322,36.324,37.802,39.36,41.04,42.821,44.514,45.826,46.886,47.472,47.464,46.608,46.859
Norway,3427409,3581239,3723153,3877386,4007313,4085620,4152419,4242006,4359101,4492400,4593041,Europe & Central Asia,1,2.602,2.837,2.898,2.719,2.248,1.81,1.687,1.8,1.886,1.853,1.801,1.848,72.67,73.44,73.47,74.08,74.34,75.37,75.97,75.89,77.32,78.32,79.05,80.196
Oman,539115,599292,678672,778536,913285,1174857,1481587,1772974,2130934,2533389,3001583,Middle East & North Africa,5,7.2,7.2,7.2,7.2,7.2,7.2,7.2,6.8,6.3,5.1,3.702,2.999,37.578,40.08,43.165,46.988,52.143,57.367,62.728,67.734,71.197,72.499,74.193,75.64
Pakistan,44434445,50386898,57494940,65705964,74711541,85219117,99060352,114578478,128690285,146342958,162419946,South Asia,0,6.6,6.6,6.6,6.6,6.6,6.6,6.6,6.66,5.8,4.9596,3.9936,3.5211,43.436,45.557,47.67,49.8,51.929,54.043,56.158,58.245,60.838,61.818,63.61,65.483
Panama,1010655,1147610,1325975,1531038,1747783,1956454,2164335,2390419,2629303,2889485,3140232,America,3,5.68,5.89,5.915,5.62,4.935,4.0545,3.515,3.201,2.87,2.79,2.7,2.5605,55.191,59.201,61.817,64.071,66.216,68.681,70.472,71.523,72.462,73.738,74.712,75.537
Papua New Guinea,1557902,1746986,1989516,2288056,2609796,2991217,3378233,3824787,4344820,4926984,5545268,East Asia & Pacific,4,6.238,6.259,6.278,6.214,6.087,5.871,5.474,4.9664,4.7029,4.637,4.3191,3.7845,34.676,46.076,49.69,49.981,42.522,49.253,52.46,53.383,55.186,56.153,56.651,57.229
Paraguay,1683477,1909538,2170183,2476785,2850419,3193047,3668292,4236056,4877951,5585828,6347884,America,3,6.5,6.5,6.45,6.15,5.3505,5.2,5.2,4.77,4.3095,3.88,3.48,3.083,62.649,63.196,64.361,64.951,65.815,66.353,66.874,67.378,68.225,69.4,70.755,71.752
Peru,8671500,9931000,11467300,13192800,15161199,17295298,19348926,21511443,23846388,25979722,27925628,America,3,6.853,6.853,6.853,6.56,6,5.378,4.65,4.1,3.7,3.0995,2.7005,2.5065,43.902,46.263,49.096,51.445,55.448,58.447,61.406,64.134,66.458,68.386,69.906,71.421
Philippines,24553055,28528939,33267569,38603696,44336842,50940182,57288037,64318120,71717437,79739825,87857473,East Asia & Pacific,4,7.29,7.13,6.85,6.5,6,5.5,4.95,4.55,4.143,3.7248,3.5436,3.2327,47.752,51.334,54.757,56.393,58.065,60.06,62.082,64.151,66.458,68.564,70.303,71.688
Poland,27220668,29589842,31262358,32526000,33969240,35578016,37225792,38119408,38600642,38654164,38557984,Europe & Central Asia,1,3.62,3.29,2.65,2.27,2.25,2.26,2.33,2.15,1.89,1.478,1.251,1.227,61.31,65.77,67.64,69.61,70.85,70.67,71.32,70.98,70.99,72.75,74.67,75.563
Portugal,8692600,9036700,9128850,9044200,9411090,9777800,9897192,9922689,10065543,10335597,10566212,Europe & Central Asia,1,3.039,3.03,3.074,2.849,2.748,2.41,1.982,1.594,1.516,1.475,1.454,1.455,59.82,61.51,64.39,66.6,69.26,70.41,72.77,74.06,74.86,75.97,77.29,78.098
Puerto Rico,2250000,2358000,2596774,2721754,2935124,3209648,3382106,3536910,3683103,3815909,3911299,America,3,4.97,4.82,4.37,3.41,2.99,2.76,2.46,2.26,2.18,1.985,1.8382,1.827,64.28,68.54,69.62,71.1,72.16,73.44,73.75,74.63,73.911,74.917,77.778,78.746
Qatar,35142,45183,70284,113262,165429,230640,345079,481477,613142,744483,863051,Middle East & North Africa,5,6.97,6.97,6.97,6.97,6.765,6.109,5.453,4.7,4.1,3.377,2.928,2.661,47.95,50.908,54.854,58.718,62.061,64.956,67.049,68.369,69.937,71.895,74.256,75.588
Reunion,286100,337500,392900,444806,481100,507015,541776,597308,659938,720934,776948,Sub-Saharan Africa,2,5.65,5.85,5.65,4.82,3.93,3.28,2.9,2.54,2.43,2.339,2.459,2.359,52.724,55.09,57.666,60.542,64.274,67.064,69.885,71.913,73.615,74.772,75.744,76.442
Romania,17325000,18403414,19027367,20252541,21245103,22130036,22521195,22865945,22692830,22451921,22329977,Europe & Central Asia,1,2.87,2.62,2.04,2.96,2.62,2.53,2.25,2.28,1.5,1.347,1.289,1.296,61.05,64.1,66.8,66.8,69.21,69.46,69.66,69.53,69.36,69.72,71.322,72.476
Russian Federation,111125498,119631633,126541293,130245476,134293372,139038849,143937997,147974148,148495015,146731774,143420309,Europe & Central Asia,1,2.85,2.82,2.55,2.02,2.03,1.94,2.04,2.121,1.545,1.247,1.298,1.338,64.484,66.848,68.58,69.3,69.02,67.97,68.38,69.96,67.98,66.79,65.01,65.475
Rwanda,2698272,3031804,3264640,3769171,4356863,5138689,6009833,6923738,5706501,7507056,8440820,Sub-Saharan Africa,2,7.8,8,8.1,8.2,8.29,8.492,8.5,8.25,6.9,6.0993,6.01,5.9169,40,41.5,43,44.1,44.6,45,46.218,44.02,23.599,36.087,43.413,46.242
Samoa,93857,110043,127151,142331,150839,155177,164417,170477,181623,179466,177287,East Asia & Pacific,4,7.3,7.3,7.3,6.5,5.7,4.89,4.85,4.82,4.7,4.656,4.416,3.929,45.926,48.497,51.059,53.606,56.143,58.658,61.167,63.659,65.978,68.381,70.033,71.454
Sao Tome and Principe,60227,63403,68691,73631,81607,94071,105624,119453,137090,159883,187410,Sub-Saharan Africa,2,6.2,6.2,6.3,6.4,6.515,6.495,6.237,5.659,5.163,4.796,4.341,3.853,46.471,48.945,51.893,54.425,56.48,58.55,60.351,61.728,62.742,63.306,64.337,65.528
Saudi Arabia,4243218,4718301,5327432,6109051,7204820,9999161,13330067,16060761,19966998,23153090,26417599,Middle East & North Africa,5,7.175,7.175,7.257,7.257,7.298,7.278,7.015,6.217,5.446,4.621,3.81,3.352,39.875,42.868,45.914,49.901,53.886,58.69,63.012,66.295,68.768,70.533,71.626,72.777
Senegal,2926863,3269808,3743967,4317891,4989168,5776012,6746778,7844199,9025562,10324150,11706498,Sub-Saharan Africa,2,6.699,6.902,7.004,7.004,7.004,7.004,7,6.8,6.2725,5.6898,5.2203,4.6862,37.278,39.329,41.454,43.563,45.815,48.879,52.379,55.769,58.196,60.187,61.6,63.062
Serbia,7145006,7470936,7830883,8166726,8542000,8955000,9150329,9347973,10192265,10117908,10129640,Europe & Central Asia,1,3.22,2.75,2.57,2.43,2.36,2.37,2.32,2.23,1.96,1.744,1.746,1.793,57.996,61.685,64.531,66.914,68.7,70.3,70.162,71.218,71.659,72.232,73.213,74.002
Sierra Leone,2232573,2396304,2581979,2789306,3027190,3327118,3695969,4220883,4381750,4808817,5867426,Sub-Saharan Africa,2,6.09,6.192,6.293,6.395,6.496,6.5,6.5,6.5,6.5,6.5,6.5,6.471,30.331,31.57,32.767,34.113,35.4,36.788,38.445,40.006,38.333,39.897,41.012,42.568
Singapore,1305500,1646400,1886900,2074507,2262600,2413900,2749897,3047100,3542866,4036753,4425720,East Asia & Pacific,4,6.4,5.99,4.93,3.46,2.62,1.87,1.69,1.71,1.76,1.57,1.352,1.26,60.396,63.179,65.798,67.946,69.521,70.795,71.76,73.56,75.788,77.158,78.77,79.972
Slovak Republic,3726601,3994270,4369939,4523873,4729718,4965958,5144632,5262616,5361594,5400320,5431363,Europe & Central Asia,1,3.52,3.27,2.89,2.5,2.51,2.47,2.28,2.15,1.87,1.403,1.22,1.253,64.36,67.45,70.33,70.98,70.35,70.45,70.8,71.08,71.38,72.71,73.8,74.663
Slovenia,1517499,1557756,1620052,1675739,1722000,1833000,1914220,1991210,2002827,2010557,2011070,Europe & Central Asia,1,2.8,2.39,2.32,2.32,2.19,2.2,1.875,1.66,1.36,1.25,1.225,1.275,65.57,67.85,69.15,69.18,69.82,70.97,71.063,72.25,73.64,75.13,76.66,77.926
Solomon Islands,114495,126363,143000,163000,193000,232452,279720,334524,397238,466194,538032,East Asia & Pacific,4,6.4,6.4,6.4,6.539,7.236,7.041,6.431,6.125,5.532,4.905,4.355,3.866,45.385,47.915,50.43,52.964,55.506,58.005,58.736,55.785,58.27,60.708,62.274,63.57
Somalia,2673425,2955803,3282503,3666949,4127771,5790705,6445623,6675067,6291143,7253137,8591629,Sub-Saharan Africa,2,7.25,7.25,7.25,7.25,7.25,7.25,7.2,7,6.6,6.75,6.432,6.043,32.978,34.977,36.981,38.977,40.973,41.974,42.955,44.501,39.658,43.795,45.936,48.159
South Africa,15368551,17416653,19898242,22739921,25815144,29251588,34254092,38391094,41779149,44066197,44344136,Sub-Saharan Africa,2,6.5,6.5,6.3,5.7,5.47,5,4.556,3.85,3.343,2.954,2.802,2.637,45.009,47.985,49.951,51.927,53.696,55.527,58.161,60.834,61.888,60.236,53.365,49.339
Spain,29318745,30641187,32084511,33876479,35563535,37488360,38534853,39350769,39749715,40016081,40341462,Europe & Central Asia,1,2.57,2.75,2.89,2.92,2.86,2.57,1.89,1.48,1.27,1.182,1.287,1.409,64.94,66.66,69.69,71.44,73.06,74.39,76.3,76.9,77.57,78.77,79.78,80.941
Sri Lanka,8678721,9879178,11202264,12531522,13660275,14900181,16020699,17192896,18304268,19238575,20064776,South Asia,0,5.7,5.7,5.12,4.65,4.124,3.6564,3.159,2.647,2.4803,2.2151,2.0208,1.8815,57.593,61.456,62.192,64.266,65.042,65.949,68.757,69.011,70.379,70.457,70.815,72.396
St. Lucia,85840,87687,94100,102704,112424,122477,131871,139570,147185,156260,166312,America,3,6,6.938,6.794,6.479,5.691,5.2,4.2,3.65,2.985,2.36,2.2399,2.1839,54.133,56.828,59.709,62.482,65.256,67.996,70.515,70.988,71.308,71.498,72.518,73.723
St. Vincent and the Grenadines,75468,81021,85061,87510,92245,98139,103436,106524,111407,115461,117534,America,3,7.33,7.33,7.02,6.41,5.54,4.42,3.64,3.21,2.82,2.4,2.3008,2.1945,51.137,52.243,56.52,59.623,61.628,64.588,66.673,68.475,69.75,70.243,70.631,71.629
Sudan,9233287,10588993,12085785,13787599,16056068,19063992,23454185,26627366,30567288,35079814,40187486,Sub-Saharan Africa,2,6.65,6.65,6.6,6.6,6.6,6.519,6.338,6.083,5.809,5.414,4.82,4.228,38.635,39.624,40.87,42.858,45.083,47.8,50.338,51.744,53.556,55.373,56.369,58.556
Suriname,240491,284506,336711,372898,363393,354860,375592,395000,414188,429323,438144,America,3,6.56,6.56,6.56,5.945,5.289,4.203,3.7,3,2.6,2.8,2.5975,2.4152,56.01,58.7,60.54,62.45,64.04,65.1,67.566,68.242,68.608,68.976,69.126,70.199
Swaziland,311346,351842,399481,455145,520864,611447,722451,884616,1004849,1109750,1138227,Sub-Saharan Africa,2,6.7,6.7,6.75,6.849,6.866,6.733,6.537,6.132,5.295,4.491,3.909,3.449,41.407,43.424,44.992,46.633,49.552,52.537,55.561,57.678,58.474,54.289,43.869,39.613
Sweden,7262388,7480395,7733853,8042803,8192566,8310473,8356337,8600815,8877890,8923569,9001774,Europe & Central Asia,1,2.213,2.234,2.324,2.16,1.891,1.661,1.646,1.909,2.006,1.555,1.67,1.795,71.86,72.49,73.37,74.16,74.72,75.44,76.42,77.19,78.16,79.39,80.04,80.884
Switzerland,4980000,5362000,5943000,6267000,6403500,6385229,6563770,6836626,7157106,7266920,7489370,Europe & Central Asia,1,2.28,2.34,2.51,2.27,1.82,1.53,1.53,1.53,1.54,1.47,1.415,1.42,69.62,70.56,71.32,72.77,73.78,75.39,76.21,77.41,78.03,79.37,80.62,81.701
Syrian Arab Republic,3938446,4532557,5325878,6258053,7415548,8773582,10480643,12436046,14309657,16305659,18448752,Middle East & North Africa,5,7.3,7.45,7.6,7.6,7.518,7.471,7.181,6.238,4.856,4.017,3.475,3.082,45.883,48.284,50.305,53.655,57.296,61.195,64.59,66.974,69.249,71.527,73.053,74.143
Tajikistan,1780850,2080556,2510619,2938516,3448869,3969126,4587499,5332472,5864473,6440732,7163506,Europe & Central Asia,1,5.995,6.199,6.302,6.719,6.834,5.897,5.543,5.406,4.877,4.29,3.805,3.349,53.144,55.201,57.247,59.296,60.858,61.889,62.785,63.612,63.372,64.26,65.884,66.67
Tanzania,8970610,10259653,11870412,13806869,16147863,18715307,21677040,25137888,29470379,33065142,36766356,Sub-Saharan Africa,2,6.74,6.801,6.8,6.79,6.75,6.73,6.55,6.36,5.9,5.66,5.66,5.157,41.215,42.974,44.246,45.757,47.62,49.919,50.608,51.535,50.44,48.466,49.651,52.517
Thailand,23451316,27512750,32061978,37090871,42272000,47025764,51341809,55196722,58855798,61862928,64185502,East Asia & Pacific,4,6.4,6.4,6.3926,5.9015,4.9553,3.757,2.8505,2.2726,1.9962,1.9007,1.825,1.85,50.848,53.63,56.061,58.285,60.405,62.494,64.597,66.084,67.298,67.521,68.564,70.616
Timor-Leste,472195,508860,553217,597574,676582,557162,651624,746086,870147,846599,1040880,East Asia & Pacific,4,6.441,6.353,6.371,6.156,6.15,4.305,5.39,5.209,5.685,7.005,6.955,6.525,29.978,32.49,34.986,37.495,39.958,31.19,39.917,43.426,49.156,54.379,58.274,60.839
Togo,1298389,1455900,1647772,1964128,2203646,2481375,2938286,3504813,3965576,4711655,5399991,Sub-Saharan Africa,2,6.801,6.882,6.963,7.022,7.064,7.1,6.901,6.592,6.2,5.8,5.367,4.801,38.596,41.208,43.922,46.769,49.759,52.887,55.471,56.941,58.061,58.39,57.561,58.42
Tonga,54465,63718,74168,83100,89200,91361,93352,92073,95158,102321,112422,East Asia & Pacific,4,7.3,7.3,7.3,6.5,5.5,5.5,5.5,4.7363,4.524,3.9584,3.7287,3.8274,58.618,60.445,62.281,63.989,65.598,66.742,67.968,69.17,70.026,71.145,72.269,73.312
Trinidad and Tobago,720800,841150,939255,955000,1006931,1090513,1166353,1198247,1158553,1118204,1075066,America,3,5.3,5.3,4.99,3.79,3.45,3.4,3.22,2.8,2.1,1.729,1.61,1.635,59.1,61.8,64.9,65.4,65.9,68.3,68.832,69.582,69.862,69.465,68.976,69.819
Tunisia,3846014,4149157,4565747,5098627,5703966,6443183,7362332,8207240,8972635,9563816,10074951,Middle East & North Africa,5,6.93,7.04,7.25,6.89,6.21,5.69,4.92,4.14,3.125,2.317,2.038,1.93,44.6,47.1,49.579,52.053,55.602,59.837,64.048,66.894,70.001,71.973,73.042,73.923
Turkey,24144571,28217122,31950718,35758382,40529798,45120802,50669003,56084632,61188984,65666677,69660559,Europe & Central Asia,1,6.9,6.6,6.19,5.7,5.3,4.715,4.15,3.276,2.904,2.574,2.23,2.143,43.585,48.079,52.098,54.336,57.005,59.507,61.036,63.108,66.146,68.835,70.845,71.777
Turkmenistan,1347774,1584820,1882148,2181272,2523906,2875133,3240472,3667588,4101998,4518268,4952081,Europe & Central Asia,1,5.995,6.015,6.752,6.343,6.187,5.324,4.79,4.55,4.03,3.03,2.755,2.499,51.331,53.426,55.507,57.589,59.149,60.192,61.728,62.799,63.304,62.928,62.384,63.169
Uganda,6317454,7261862,8389294,9728111,10890181,12296592,14225933,17074034,20094075,23248553,27269482,Sub-Saharan Africa,2,6.9,6.95,7.05,7.12,7.1,7.1,7.1,7.1,7.063,6.946,6.745,6.456,39.978,42.571,45.344,48.051,51.016,50.35,49.849,51.509,48.825,44.578,47.813,51.542
Ukraine,39368099,42644035,45234869,47235697,48973428,50046649,50944248,51622275,51247259,49007559,46996765,Europe & Central Asia,1,2.81,2.7,2.2,2.04,2.16,2,2.021,2.034,1.644,1.225,1.153,1.217,65.941,69.263,70.76,71.5,70.86,70.02,69.9,71.04,69,67.69,67.81,67.864
United Arab Emirates,82715,103048,143798,249369,522571,1000285,1570219,1950792,2176370,2369153,2563212,Middle East & North Africa,5,6.97,6.97,6.868,6.765,6.355,5.658,5.228,4.825,3.875,3.065,2.515,2.305,47.952,50.998,54.999,58.864,62.195,66.238,68.627,71.339,73.657,76.186,77.806,78.672
United Kingdom,50946000,52372000,54350000,55632000,56215000,56314000,56620240,57493307,58426014,59522468,60441457,Europe & Central Asia,1,2.18,2.49,2.81,2.52,2.04,1.72,1.8,1.81,1.78,1.7,1.695,1.815,69.18,70.42,70.76,71.36,72.01,72.76,74.04,75.007,76.42,77.218,78.471,79.425
United States,165931000,180671000,194303000,205052000,215973000,227726463,238466283,250131894,266557091,282338631,295734134,America,3,3.446,3.706,3.314,2.545,2.016,1.788,1.825,1.924,2.025,1.994,2.038,2.054,68.44,69.49,70.21,70.76,71.34,73.38,74.65,75.02,76.09,76.81,77.31,78.242
Uruguay,2353136,2530969,2693133,2823659,2841818,2919851,3008270,3105708,3215423,3323876,3415920,America,3,2.7305,2.831,2.9005,2.8,3,2.887,2.57,2.529,2.4865,2.3005,2.202,2.115,66.071,67.044,68.253,68.468,68.673,69.481,70.805,71.918,72.752,74.223,75.307,76.384
Uzbekistan,7232067,8531032,10205805,11940155,13987696,16000074,18258445,20624073,22847085,24755519,26851195,Europe & Central Asia,1,5.97,6.5,6.8,6.6,6.3,5.584,4.726,4.4,3.88,3.01,2.738,2.485,55.799,57.893,59.978,62.068,63.637,64.683,66.212,67.328,66.213,66.503,66.482,67.166
Vanuatu,58622,66087,74195,85400,99700,116771,134677,153785,172387,189618,205754,East Asia & Pacific,4,7.6,7.35,7,6.46,6.11,5.75,5.4,5.04,4.83,4.59,4.153,3.744,42,45,48,51,54,57,60,61.86,65.08,66.462,68.406,70.038
Venezuela,6170497,7556483,9067735,10758017,12674987,14767890,16997509,19325222,21555902,23542649,25375281,America,3,6.4585,6.4585,6.657,5.9045,4.941,4.4685,3.957,3.6485,3.25,2.9415,2.723,2.547,55.088,57.907,60.77,63.479,65.712,67.456,68.557,70.19,71.15,72.146,72.766,73.747
West Bank and Gaza,1053801,1113446,1210960,1032447,1200805,1359954,1576361,1897320,2501920,3152361,3761904,Middle East & North Africa,5,7.38,7.38,7.995,7.995,7.73,7.387,7,6.43,6.46,6.03,5.631,5.093,43.16,45.671,48.127,51.631,56.532,60.765,64.406,67.046,69.718,71.096,72.37,73.422
Western Sahara,12838,22495,40226,72094,78804,125852,166784,191255,217211,244943,273008,Middle East & North Africa,5,6.6,6.6,6.6,6.6,6.6,6.1,5.6,4.9,4.156,3.53,3.007,2.698,35.513,37.413,39.293,41.203,43.217,47.509,51.829,56.144,58.688,61.269,63.884,65.927
Vietnam,27738063,31656282,37258369,42576676,48075207,53715202,60093068,67282704,73772337,79060410,83535576,East Asia & Pacific,4,5.748,6.548,7.248,7.245,6.697,5.888,4.495,4.023,3.3,2.5,2.323,2.136,40.412,42.887,45.363,47.838,50.254,55.764,58.816,62.82,67.662,70.672,73.017,74.249
Virgin Islands (U.S.),27600,32500,43500,63476,94484,99636,100760,103963,107817,108637,108708,America,3,5.57,5.57,5.5019,5.3656,4.9772,4.3365,3.6959,3.0854,3.0915,2.413,2.23,2.1459,59.244,62.677,64.497,66.598,68.663,70.533,72.011,73.625,75.173,77.296,78.534,79.385
Yemen,5265327,5871831,6510081,7098239,7934497,9132545,10539928,12416080,14859342,17479206,20727063,Middle East & North Africa,5,8.2,8.3,8.4,8.55,8.7,8.7,8.7,8.4,7.7,6.726,6.022,5.501,32.548,33.97,35.18,36.984,39.848,44.175,49.113,52.922,55.599,58.02,60.308,62.698
Zambia,2869000,3254000,3694000,4251612,4923730,5699777,6779477,7941694,9001866,10116606,11261795,Sub-Saharan Africa,2,6.75,6.9,7.15,7.4,7.425,7.375,6.95,6.658,6.28,5.999,5.648,5.176,42.038,44.077,46.023,47.768,50.107,51.386,51.821,50.821,46.1,40.238,39.193,42.384
Zimbabwe,3409017,4010933,4685272,5514536,6341797,7169968,8560378,10152933,11111992,11751323,12160782,Sub-Saharan Africa,2,6.8,7,7.3,7.4,7.4,7.3,6.74,5.656,4.773,4.054,3.563,3.186,48.451,50.469,52.358,53.995,55.635,57.674,60.363,62.351,60.377,46.809,39.989,43.487
,,,,,,,,,,,,,,,,,,,,,,,,,,,,,,,,,,,,
,,,,,,,,,,,,,,,,,,,,,,,,,,,,,,,,,,,,
